,EIN,2008,2009,2010,2011,2012,2013,2014,2015,2016,2017,2018,Total
3 to 5 Preschool ,92-0060105,,,950.0,1675.0,2125.0,3100.0,3500.0,5200.0,3650.0,2875.0,2875.0,25950.0
4 H Tanana District Leaders Council,26-0054238,,,,,575.0,550.0,875.0,1550.0,1822.0,700.0,525.0,6597.0
49 Writers Inc,27-2460995,,,,,,,2125.0,2425.0,2300.0,2500.0,1875.0,11225.0
AAFA Alaska,92-0176309,,,,,950.0,1000.0,1600.0,1250.0,1575.0,600.0,,6975.0
Abbott O Rabbit Little League,92-0081254,,450.0,375.0,1025.0,,800.0,,1175.0,825.0,950.0,575.0,6175.0
ABC Pregnancy Care Center,92-0113488,,,,,,,,5175.0,3500.0,2425.0,3525.0,14625.0
Abused Womens Aid in Crisis Inc AWAIC,92-0061049,,4825.0,21200.0,28375.0,54681.0,57960.0,69001.8,80050.0,68819.0,63171.0,66250.0,514332.8
Academy Charter School,92-0161596,,,,,,1000.0,1350.0,900.0,875.0,550.0,925.0,5600.0
Access Alaska Inc,92-0089550,,,,,,,,,4175.0,,4875.0,9050.0
ACLU of Alaska Foundation,23-7113202,,2300.0,4075.0,6275.0,9153.0,9250.0,10550.0,12625.0,9897.0,31800.0,19025.0,114950.0
ACMHS Anchorage Community Mental Health Services,51-0152394,,75.0,,,4128.0,4075.0,5075.0,5400.0,5997.0,4750.0,,29500.0
Adult Learning Center ALC,26-3718392,,,,,,,2187.42,1900.0,1475.0,1375.0,1175.0,8112.42
Advocates For Victims of Violence Inc,92-0083034,,200.0,,,4803.0,2875.0,1950.0,5525.0,4725.0,2900.0,2875.0,25853.0
AFACT Anchorage Faith and Action Congregations Together,05-0591944,,1250.0,2200.0,3650.0,2975.0,5425.0,3625.0,4075.0,3625.0,2700.0,2475.0,32000.0
AK Child Family,92-0038588,,1725.0,4150.0,8625.0,8528.0,9230.0,9875.0,9825.0,12500.0,10350.0,10275.0,85083.0
Akeela Inc,92-0046154,,,,,,1230.0,,1600.0,1350.0,1025.0,900.0,6105.0
Alaska Academic Decathlon,92-0112629,,,,,,,,,,,1100.0,1100.0
Alaska Animal Advocates,46-4894730,,,,,,,,,,,3375.0,3375.0
Alaska Arts and Culture Foundation,92-0171993,,,300.0,,,900.0,1400.0,,450.0,1425.0,1925.0,6400.0
Alaska Arts Education Consortium,83-0389647,,950.0,875.0,2225.0,2175.0,2075.0,,2900.0,2275.0,2300.0,1975.0,17750.0
Alaska Association For Historic Preservation,92-0085097,,200.0,400.0,425.0,,,,,975.0,975.0,850.0,3825.0
Alaska Association For Infant and Early Childhood Mental Health,80-0683225,,,,,,,,,,2975.0,1975.0,4950.0
Alaska Avalanche Information Center AAIC,80-0674646,,,,,,,,,,,5325.0,5325.0
Alaska Avalanche School,72-1580840,,,,,,,,4725.0,5500.0,4300.0,3875.0,18400.0
Alaska Aviation Heritage Museum,92-0071852,,825.0,1350.0,8450.0,5389.0,,5842.0,7475.0,5533.0,4750.0,4275.0,43889.0
Alaska Baseball Academy Inc,73-1703917,,1325.0,75.0,,125.0,50.0,325.0,250.0,450.0,225.0,,2825.0
Alaska Bible College,94-3255546,,,,,,2275.0,2250.0,3600.0,2350.0,2350.0,2250.0,15075.0
Alaska Botanical Garden,92-0115504,,,,,,,6820.06,8475.0,8597.0,7075.0,5875.0,36842.06
Alaska Boxing Academy ,35-2455141,,,,,,,,,,,,
Alaska Brain Injury Network,77-0621661,,725.0,,,4053.0,,5025.0,4739.4,3847.0,3000.0,2575.0,23964.4
Alaska Branch of the International Dyslexia Association,26-4211699,,,,,,775.0,,925.0,750.0,500.0,500.0,3450.0
Alaska Business Development Center,92-0077825,,,,,,,,,50.0,1025.0,,1075.0
Alaska Cardiovascular Research Foundation INC,74-3076026,,,,,,,,,,,550.0,550.0
Alaska Cat Adoption Team,30-0615784,,,,,,,4000.0,4964.4,5350.0,7175.0,9525.0,31014.4
Alaska Center for Children and Adults   ,92-0026479,,700.0,1950.0,3100.0,4400.0,4675.0,4825.0,6425.0,6100.0,6200.0,4150.0,42525.0
Alaska Center for Collaborative Child Therapy Inc,45-4789020,,,,,,,,,2625.0,1725.0,1625.0,5975.0
Alaska Center for the Blind and Visually Impaired,92-0108817,,1875.0,3050.0,5275.0,7840.0,10350.0,11725.0,11150.0,7722.0,6600.0,6000.0,71587.0
Alaska Center for the Performing Arts,92-0120733,,750.0,1675.0,2750.0,4778.0,3775.0,5400.0,2075.0,5711.0,,3275.0,30189.0
Alaska Chamber Singers,94-3073624,,825.0,1475.0,1775.0,2075.0,1925.0,1900.0,2000.0,1800.0,1825.0,1775.0,17375.0
Alaska Childrens Trust,91-1765129,,1225.0,600.0,1125.0,2550.0,2075.0,,6664.4,5450.0,5025.0,5198.2,29912.6
Alaska Chilkoot Bear Foundation,75-3225304,,,,,,475.0,,300.0,550.0,375.0,400.0,2100.0
Alaska Christian College,92-0174205,,,,,5257.0,7000.0,4650.0,5675.0,6550.0,3300.0,4075.0,36507.0
Alaska Common Ground,92-1039013,,,,,,,,,,,775.0,775.0
Alaska Community Action on Toxics,92-0177082,,,,,,,,3050.0,3800.0,3250.0,3575.0,13675.0
Alaska Correctional Ministries Inc,26-1161661,,,,,,,,,2700.0,1475.0,1975.0,6150.0
Alaska Dog and Puppy Rescue,20-0332809,,17275.0,24475.0,41800.0,58425.0,57260.0,52375.0,60550.0,50054.4,39950.0,36275.0,438439.4
Alaska Engineering Education Foundation,92-0163845,,,,,900.0,1500.0,2125.0,2425.0,2497.0,1025.0,1575.0,12047.0
Alaska Equine Rescue,92-0135114,,,,3675.0,8153.0,10075.0,10700.0,14689.4,10900.0,7945.94,8225.0,74363.34
Alaska Family Services,92-0078235,,225.0,1150.0,2125.0,2500.0,3350.0,3250.0,3875.0,3436.0,2250.0,2600.0,24761.0
Alaska Farmland Trust,20-2860877,,,1100.0,2450.0,1900.0,,3625.0,3600.0,4872.0,6550.0,5825.0,29922.0
Alaska FFA Association,92-0147681,,,,,,,,,950.0,975.0,,1925.0
Alaska Fish and Wildlife Conservation Fund ,92-0092951,,,,,3250.0,,3575.0,6825.0,7350.0,7900.0,6225.0,35125.0
Alaska Fisheries Development Foundation Inc,92-0068881,,,,,,,,,1075.0,850.0,1000.0,2925.0
Bartlett Regional Hospital Foundation,92-0147705,,200.0,100.0,6150.0,1225.0,1550.0,825.0,3125.0,622.0,1700.0,,15497.0
Battle Dawgs,47-2810733,,,,,,,,,,,,
Beacon Hill,27-1779531,,,,,,2275.0,1275.0,,2825.0,3525.0,5125.0,15025.0
Beans Cafe Inc,92-0072522,,19575.0,27975.0,59825.0,94621.0,111288.92,133357.12,142250.0,114427.22,102275.0,85850.0,891444.26
Beckys Place ,46-0958252,,,,,,,,,1475.0,1250.0,1525.0,4250.0
Benefe Equine Assisted Therapy Center,20-5555078,,,275.0,700.0,1300.0,1000.0,1050.0,925.0,825.0,875.0,,6950.0
Bering Sea Womens Group ,92-0068974,,500.0,1575.0,,,,,,1225.0,1225.0,1650.0,6175.0
Bering Straits Foundation,92-0138528,,,,,,,,,,,,
Best Beginnings,45-5066055,,,,,,,,,5275.0,3950.0,3550.0,12775.0
Bethel Baptist Church,92-0089329,,,,,,,,,,,,
Bethel Family Clinic,92-0089260,,,,,,300.0,500.0,925.0,800.0,750.0,1000.0,4275.0
Bethel Friends of Canines,46-2344486,,,,,,,,,,4975.0,5850.0,10825.0
Bethel Search and Rescue,92-0153349,,,,,,,,,,4275.0,5225.0,9500.0
Big Brothers Big Sisters of Alaska,80-0064172,,8025.0,7900.0,19725.0,16553.0,17475.0,18526.8,16600.0,16044.0,12450.0,13125.0,146423.8
Big Lake Library Advocates,94-3192474,,,,,950.0,675.0,825.0,1025.0,1122.0,950.0,1000.0,6547.0
Bike Anchorage,94-3452069,,,,,,2850.0,4375.0,7175.0,8125.0,5775.0,5375.0,33675.0
Birchtree Parents Guild Inc,27-0856057,,,,,,725.0,,450.0,,2300.0,1650.0,5125.0
Birchwood Behavioral Health,92-6001032,,,,1375.0,1850.0,2325.0,3400.0,3750.0,2150.0,1250.0,1000.0,17100.0
Bird Treatment and Learning Center ,92-0130037,,,,,8975.0,12025.0,16500.0,14150.0,14722.0,14000.0,10993.0,91365.0
Blood Bank of Alaska,92-6002175,,2450.0,2175.0,6975.0,6939.0,7675.0,,14200.0,9675.0,6850.0,6025.0,62964.0
Blood N Fire,76-0825329,,,,,1375.0,4425.0,4025.0,6600.0,4425.0,2175.0,1925.0,24950.0
Boys and Girls Club of the Kenai Peninsula,94-3067142,,800.0,7650.0,2500.0,3925.0,3950.0,3875.0,5325.0,4925.0,4375.0,3350.0,40675.0
Boys and Girls Clubs Alaska,92-0036082,,4775.0,3750.0,8325.0,6725.0,8400.0,11350.0,12750.0,11750.0,10325.0,11225.0,89375.0
Brave Heart Volunteers,73-1639840,,2025.0,2700.0,3450.0,4575.0,4350.0,7025.0,6750.0,5125.0,4025.0,4575.0,44600.0
Bread Line Stone Soup,92-0111082,,,,7150.0,7478.0,6625.0,10025.0,13350.0,,9225.0,7975.0,61828.0
Breast Cancer Detection Center of Alaska ,92-0055382,,,4350.0,7075.0,7603.0,7500.0,8300.0,9400.0,7125.0,5025.0,5025.0,61403.0
Bristol Bay Heritage Land Trust,31-1721762,,,,,,,1250.0,1750.0,1375.0,1050.0,1125.0,6550.0
Brother Francis Shelter Kodiak Inc,20-8594266,,,,,,,,,,3075.0,2900.0,5975.0
Bunnell Street Arts Center,94-3220880,,325.0,800.0,1300.0,2150.0,4625.0,3350.0,3825.0,2497.0,3438.35,2950.0,25260.35
Calypso Farm and Ecology Center,92-0169368,,1775.0,2850.0,5700.0,7575.0,6775.0,,,4675.0,2725.0,2150.0,34225.0
Camp Fire Alaska,92-0029613,,1425.0,1625.0,3275.0,5878.0,5250.0,7475.0,6550.0,6400.0,4475.0,4350.0,46703.0
Cancer Connection,92-0165316,,1000.0,3100.0,5225.0,8525.0,7125.0,7125.0,7750.0,6875.0,5075.0,6225.0,58025.0
Carol Brice Center ,94-3123985,,500.0,550.0,925.0,,,,1400.0,950.0,1450.0,525.0,6300.0
Castle Mountain Coalition ,20-8348228,,,,,,,,,1025.0,525.0,750.0,2300.0
Catholic Community Service Inc,92-0042651,,7150.0,10325.0,4600.0,9150.0,8175.0,,17600.0,15300.0,9650.0,10725.0,92675.0
Catholic Schools of Fairbanks,26-0772064,,,,,,,,,6047.0,6225.0,5525.0,17797.0
Catholic Social Services Brother Francis Shelter Clare House,92-0037322,,13875.0,16800.0,31425.0,43939.0,51069.0,75325.0,87900.0,74151.0,62600.0,54075.0,511159.0
CCS Early Learning,92-0040291,,1250.0,2175.0,3100.0,4425.0,4900.0,5400.0,8350.0,5475.0,3875.0,4950.0,43900.0
Center for Alaskan Coastal Studies,92-0086250,,400.0,375.0,1200.0,2803.0,,3150.0,3875.0,,2950.0,2800.0,17553.0
Central Peninsula Health Foundation,20-2778670,,200.0,,2075.0,428.0,650.0,,1950.0,1100.0,775.0,625.0,7803.0
Challenge Alaska,92-0080897,,1600.0,4175.0,6900.0,7575.0,9450.0,10975.0,12700.0,12201.4,9125.0,11075.0,85776.4
Chilkat Valley Community Foundation ACF,92-0155067,,2425.0,2700.0,3150.0,5025.0,4225.0,4025.0,3500.0,3625.0,4625.0,3625.0,36925.0
Chilkat Valley Preschool ,92-0043505,,400.0,375.0,750.0,1100.0,,1150.0,1425.0,1525.0,1300.0,925.0,8950.0
Chinook Montessori Charter School,92-0160979,,,,,,925.0,700.0,925.0,1050.0,500.0,25.0,4125.0
Christian Pilots Association Of Alaska ,92-0076019,,550.0,,,,1200.0,3275.0,3800.0,,550.0,600.0,9975.0
Chugiak Eagle River Historical Society,92-0147295,,,,500.0,450.0,425.0,400.0,750.0,525.0,625.0,700.0,4375.0
Chugiak Eagle River Senior Center,92-0059870,,175.0,1025.0,1900.0,3550.0,2950.0,2875.0,2750.0,2375.0,1650.0,2025.0,21275.0
Chugiak Volunteer Fire and Rescue Company Inc,92-0077503,,,,,,,,,2250.0,1550.0,1425.0,5225.0
Clausen Memorial Museum,92-0089647,,,,200.0,475.0,,,550.0,675.0,925.0,650.0,3475.0
Clear Creek Cat Rescue,27-2265973,,,,,,6416.0,9675.0,11675.0,11675.0,11875.0,12150.0,63466.0
Cold Climate Housing Research Center,92-0169929,,,,,,1200.0,1625.0,1650.0,1125.0,1175.0,1225.0,8000.0
Community Connections ,92-0112719,,5100.0,825.0,,1100.0,1175.0,1600.0,1825.0,1100.0,,525.0,13250.0
CoOccurring Disorders Institute Inc,72-1587301,,,,,,,100.0,,850.0,150.0,400.0,1500.0
Cook Inletkeeper,92-0156450,,3450.0,3275.0,7000.0,9578.0,10200.0,13275.0,15200.0,17822.0,16850.0,18000.0,114650.0
Cooper Landing Community Library,92-0173653,,,,,775.0,950.0,900.0,1325.0,1075.0,1050.0,1000.0,7075.0
Cooper Landing Emergency Services Inc,92-0170016,,,,,1450.0,1750.0,1650.0,2025.0,2025.0,1650.0,1225.0,11775.0
Copper Mountain Foundation,92-0137461,,,,,,,,50.0,50.0,75.0,,175.0
Copper River Hockey Club,92-0145052,,,,,,,1250.0,1500.0,925.0,725.0,650.0,5050.0
Copper River Watershed Project,92-0162546,,600.0,6550.0,,,2675.0,2400.0,,2850.0,1625.0,2800.0,19500.0
Covenant House Alaska,13-3419755,,19800.0,12500.0,33050.0,38229.0,40725.0,,52975.0,41849.0,29375.0,32475.0,300978.0
Crime Victim Compensation Fund,92-6001185,,,,,,,,,,,,
Crisis Pregnancy Center,92-0100206,,4025.0,4225.0,6875.0,11425.0,10625.0,11500.0,11625.0,9029.4,7100.0,5550.0,81979.4
Cross Country Alaska Inc,92-0174320,,,,,,,,,650.0,325.0,375.0,1350.0
Cyranos Theatre,92-0154815,,3050.0,1750.0,3000.0,4000.0,3475.0,,5150.0,4475.0,3400.0,2850.0,31150.0
Delta Library Association,35-2406996,,,,,,,,,600.0,,575.0,1175.0
Denali Arts Council,92-0083375,,1525.0,4675.0,6300.0,2275.0,2100.0,1950.0,3300.0,2200.0,1550.0,1675.0,27550.0
Denali Family Services,92-0155751,,,1725.0,2100.0,1475.0,1125.0,,,,,,6425.0
Discovery Southeast,92-0128339,,675.0,1625.0,4375.0,6300.0,5800.0,5925.0,8000.0,6725.0,4700.0,5525.0,49650.0
Downtown Hope Center,92-0141715,,2725.0,10500.0,9775.0,,14675.0,17225.0,20450.0,17969.0,12625.0,13900.0,119844.0
Doyon Foundation,94-3089624,,,,,5553.0,5705.0,5475.0,5375.48,5375.0,4000.0,3275.0,34758.48
Eagle River Nature Center,92-0156981,,,,,,,5100.0,7800.0,7869.0,6900.0,7450.0,35119.0
Easterseals,92-0018031,,,,,,425.0,,350.0,675.0,,,1450.0
Equine Assisted Therapy Alaska,92-0176932,,,,2500.0,,1825.0,,3925.0,3297.0,2725.0,1175.0,15447.0
Eyak Preservation Council,68-0424723,,,,,,,,,,200.0,275.0,475.0
Facing Foster Care in Alaska,74-3099527,,,,,,5050.0,7450.0,9425.0,,4850.0,7775.0,34550.0
Fairbanks Animal Shelter Fund,73-1628436,,5050.0,10225.0,15325.0,22050.0,24200.0,25839.27,31225.0,29850.0,25550.0,27675.0,216989.27
Fairbanks Arts Association,92-6003435,,,1675.0,,,,,,2147.0,1450.0,1675.0,6947.0
Fairbanks Childrens Museum,26-4095584,,,,,,,,,5772.0,4400.0,4600.0,14772.0
Fairbanks Community Band,92-0155965,,,,,825.0,1300.0,1100.0,1250.0,575.0,400.0,375.0,5825.0
Fairbanks Community Food Bank Service Inc,92-0088266,,10225.0,15975.0,,19956.0,27950.0,25725.0,31600.0,26947.0,23850.0,23275.0,205503.0
Fairbanks Concert Association,92-0094139,,525.0,,,,,,,1000.0,1050.0,750.0,3325.0
Fairbanks Dog Park Inc,71-0889945,,,1500.0,2800.0,2400.0,2550.0,2850.0,2825.0,,1250.0,1150.0,17325.0
Fairbanks Drama Association and Fairbanks Childrens Theatre Inc,23-7251136,,,,,,,,,,1300.0,825.0,2125.0
Fairbanks Library Foundation,92-0072826,,,,,,,6650.0,5750.0,,3175.0,2850.0,18425.0
Fairbanks Rescue Mission Inc,23-7326856,,1375.0,,,13178.0,,13775.0,22925.0,18419.0,15800.0,12450.0,97922.0
Fairbanks Resource Agency,92-0035250,,,,,,,,,,1475.0,2175.0,3650.0
Fairbanks Shakespeare Theatre,94-3220888,,,,,,,,,,,650.0,650.0
Fairbanks Summer Arts Festival,92-0072423,,,,,,,,,1200.0,1350.0,1375.0,3925.0
Fairbanks Symphony Orchestra,23-7212781,,,,,,,,,,550.0,425.0,975.0
Fairbanks Tennis Association,92-0155602,,25.0,75.0,450.0,,550.0,425.0,400.0,450.0,500.0,,2875.0
Family Promise MatSu,68-0510566,,1100.0,1850.0,3675.0,4550.0,,4600.0,4975.0,3525.0,2925.0,3450.0,30650.0
Farthest North Girl Scout Council,92-0018597,,,950.0,1950.0,1625.0,3200.0,1900.0,1550.0,,975.0,1150.0,13300.0
Fellowship In Serving Humanity FISH,92-0090470,,1350.0,2375.0,4500.0,,3750.0,3450.0,5450.0,4375.0,3525.0,4450.0,33225.0
Festival Fairbanks,92-0082689,,,,,,825.0,1300.0,975.0,,175.0,175.0,3450.0
Financial Reality Foundation,47-1715028,,,,,,,,,,,150.0,150.0
First Alaskans Institute,92-0174854,,1025.0,700.0,1000.0,1576.0,1550.0,2125.0,5275.0,2925.0,2900.0,,19076.0
First City Council on Cancer,92-0161114,,1000.0,800.0,1650.0,2475.0,1975.0,1675.0,2125.0,1525.0,1625.0,975.0,15825.0
First City Homeless Services Day Shelter ,26-2565838,,,,,,2200.0,1225.0,3025.0,4025.0,2275.0,2825.0,15575.0
First City Players ,92-6004567,,475.0,,2850.0,3054.0,4125.0,2850.0,,1575.0,1300.0,,16229.0
FOCUS Inc,92-0121621,,,,,,,,,,,,
Food Bank of Alaska,92-0073175,,62275.0,30825.0,55675.0,72089.0,69323.92,94575.0,98350.0,84754.0,65873.88,60525.0,694265.8
Four Valleys Community School Inc,20-1259568,,,875.0,1725.0,2750.0,3200.0,,4250.0,3850.0,3825.0,4275.0,24750.0
Friends of Alaska CASA,92-0133200,,4850.0,2550.0,2950.0,2300.0,3900.0,5350.0,5325.0,4375.0,3325.0,3325.0,38250.0
Friends of Creamers Field,92-0137107,,,,3350.0,3600.0,,6175.0,7325.0,7019.0,5425.0,7975.0,40869.0
Friends of Jensen Olson Arboretum,27-2917330,,,,,,,,1525.0,1775.0,850.0,975.0,5125.0
Friends of Kachemak Bay State Parks,92-0167178,,,,,,,,1225.0,2300.0,1650.0,1850.0,7025.0
Friends of McNeil River,92-0149711,,775.0,1050.0,2025.0,1975.0,,2425.0,2525.0,2475.0,2150.0,2000.0,17400.0
Friends of Pets,94-3095459,,9575.0,,40075.0,53281.0,45625.0,46226.8,54700.0,44500.0,34979.0,34025.0,362986.8
Friends of Sitka National Historical Park,47-3824206,,,,,,,,,,,,
Friends of Sitka Public Library Inc,45-2520434,,,,,,,,,,,,
Friends of the Alaska State Library Archives and Museum,23-7067119,,200.0,,,,975.0,1900.0,1825.0,2075.0,1175.0,1125.0,9275.0
Friends of the Campbell Creek Science Center,20-3140552,,175.0,1075.0,1500.0,2375.0,,3450.0,4200.0,1550.0,1650.0,1675.0,17650.0
Friends of the Chugach National Forest Avalanche Information Center,68-0578518,,,,,,9483.0,12325.0,13700.0,16844.0,19050.0,19600.0,91002.0
Friends of the Haines Borough Public Library,92-0124436,,1350.0,1800.0,2300.0,1750.0,1925.0,2250.0,2725.0,,1600.0,1700.0,17400.0
Friends of the Homer Public Library,92-0092030,,475.0,675.0,1075.0,,975.0,1975.0,2575.0,2850.0,2225.0,2575.0,15400.0
Friends of the Juneau Douglas City Museum,27-0980810,,,,,,,325.0,650.0,675.0,425.0,675.0,2750.0
Friends of the Kenai Community Library,92-0133770,,,175.0,,,,,,1075.0,875.0,1075.0,3200.0
Friends of The Ketchikan Public Library,92-0116509,,,,,,700.0,825.0,875.0,1050.0,800.0,775.0,5025.0
Friends of the Palmer Public Library,92-0078565,,,,1000.0,,1450.0,1375.0,2075.0,2100.0,950.0,1550.0,10500.0
Friends of the Sutton Library,82-0153777,,,,1525.0,,,1150.0,1700.0,2247.0,2025.0,1775.0,10422.0
Friends of the Talkeetna Library,86-1076900,,,,,,4000.0,4100.0,5050.0,3225.0,3325.0,3450.0,23150.0
Friends of the Valdez Animal Shelter,92-0143923,,,,,2625.0,,2025.0,650.0,1700.0,,650.0,7650.0
Friends of Zach Gordon Youth Center Inc,92-0014675,,,,,,1725.0,1650.0,2700.0,,1850.0,1575.0,9500.0
Frontline Mission,30-0450068,,,,,,,1600.0,3553.8,,1624.0,3300.0,10077.8
Georgeson Botanical Garden Society,26-0660511,,,,4600.0,3084.0,4000.0,3350.0,,3450.0,2775.0,2525.0,23784.0
Girdwood  Fine Arts Camp,42-1614179,,225.0,,500.0,,,,,400.0,,1000.0,2125.0
Girdwood Health Clinic Inc,90-0622646,,,,,,,,,1200.0,650.0,1225.0,3075.0
Girdwood Nordic Ski Club,30-0516522,,,,,,,,,1100.0,1650.0,1625.0,4375.0
Girl Scouts of Alaska,92-6000179,,2225.0,2625.0,5500.0,7375.0,,8450.0,12050.0,8547.0,5825.0,6100.0,58697.0
Girls on the Run Southcentral Alaska,46-4140781,,,,,,,,,,,,
Glacier City Radio KEUL,61-1414155,,,,,,,,,2000.0,1600.0,1750.0,5350.0
Golden Heart Christian School,26-0790036,,,,,,,,,,,425.0,425.0
Golden Heart Community Foundation ACF,92-0155067,,,,,,,2300.0,1475.0,1850.0,925.0,600.0,7150.0
Golden Retriever Rescue of Fairbanks,92-0170780,,,,,,3425.0,,3000.0,,2725.0,2600.0,11750.0
Great Alaska Council Boy Scouts of America,92-0016314,,375.0,500.0,,4055.0,6225.0,5300.0,10675.0,9991.0,6700.0,7425.0,51246.0
Great Land Trust,92-0155014,,,,,2200.0,3075.0,5350.0,7950.0,6497.0,6925.0,6150.0,38147.0
Greater Fairbanks Community Hospital Foundation Inc,92-0035784,,1225.0,725.0,1925.0,,,1300.0,,675.0,2100.0,,7950.0
Greater Sitka Legacy Fund ACF,92-0155067,,,,,,,1500.0,1600.0,900.0,775.0,1350.0,6125.0
Green Star of Interior Alaska,92-0163048,,750.0,1300.0,1875.0,1575.0,2225.0,3100.0,3700.0,5197.0,5250.0,3700.0,28672.0
Habitat for Humanity ,92-0140434,,2075.0,9950.0,9250.0,9531.0,10800.0,14650.0,15700.0,10016.0,8543.0,7700.0,98215.0
Habitat For Humanity  MAT SU,92-0151208,,,,,,1875.0,2375.0,2200.0,2400.0,1300.0,1100.0,11250.0
Haines Animal Rescue Kennel  HARK,31-1748166,,1025.0,3750.0,3175.0,2950.0,4025.0,4375.0,4450.0,4225.0,4550.0,5325.0,37850.0
Haven House,92-0080286,,1000.0,1075.0,1450.0,3225.0,1875.0,,5700.0,6675.0,4150.0,6325.0,31475.0
Healing Hand Foundation,92-0177320,,375.0,,600.0,825.0,,,,,850.0,,2650.0
Healthy Futures,81-0649085,,,,,,825.0,2375.0,,1572.0,1800.0,1900.0,8472.0
Heart to Heart Pregnancy Resource Center,92-0174635,,,,,,,,,2150.0,2275.0,1875.0,6300.0
HeartReach Center ,92-0115423,,900.0,1600.0,,2400.0,4200.0,,,3600.0,2150.0,2825.0,17675.0
Help Me Grow Alaska a program of the All Alaska Pediatric Partnership,47-3428822,,,,,,,,,,,,
Helping Hands,92-0152121,,725.0,1225.0,1750.0,2050.0,2475.0,2525.0,2775.0,2000.0,1375.0,1650.0,18550.0
Homer Animal Friends,92-0127477,,,2475.0,2950.0,,3850.0,5825.0,6150.0,5325.0,4450.0,5975.0,37000.0
Homer Council on the Arts,51-0152554,,25.0,450.0,850.0,1250.0,1500.0,1775.0,2250.0,2325.0,1625.0,1350.0,13400.0
Homer Food Pantry,92-0153030,,,2500.0,,4853.0,4725.0,8000.0,7750.0,8022.0,8425.0,,44275.0
Homer Foundation,92-0139183,,900.0,6050.0,4800.0,5151.0,7975.0,11700.0,10725.0,8622.0,6275.0,6975.0,69173.0
Homer Hockey Association ,92-0143117,,,,,,,,,2700.0,1725.0,2425.0,6850.0
Homer Senior Citizens Inc,92-0077789,,250.0,1450.0,1375.0,1650.0,850.0,1275.0,2464.4,2104.4,1568.0,1525.0,14511.8
Homeward Bound Pet Rescue,75-3080267,,,,,4825.0,4400.0,,5125.0,,,2075.0,16425.0
Hope Community Resources,92-0036594,,1100.0,1300.0,5325.0,6304.0,11075.0,11800.0,12600.0,14193.43,10550.0,9025.0,83272.43
Hospice of Anchorage,92-0018009,,2850.0,7675.0,16550.0,20301.0,19775.0,25000.0,24075.0,16645.4,16450.0,11750.0,161071.4
Hospice of Haines,92-0163066,,,1800.0,2200.0,1800.0,2175.0,2425.0,2475.0,3100.0,2025.0,2475.0,20475.0
Hospice of Homer,92-0115943,,1125.0,1775.0,3200.0,5525.0,5150.0,7175.0,8175.0,,6375.0,6975.0,45475.0
Hospice of Kodiak,45-2208200,,,,,,,,,1700.0,900.0,1700.0,4300.0
Hospice of the Central Peninsula ,92-0118643,,600.0,1075.0,2350.0,2875.0,3825.0,4325.0,4775.0,4150.0,3293.0,3400.0,30668.0
HoWL Incorporated,27-2315974,,,,,,,1325.0,1875.0,,400.0,2925.0,6525.0
Humane Society of Kodiak,92-0148196,,1175.0,2900.0,3400.0,8075.0,10530.0,7925.0,9700.0,7822.0,5475.0,6475.0,63477.0
ICC Alaska,92-0091959,,,,,,325.0,475.0,614.4,1025.0,475.0,575.0,3489.4
Identity Inc,92-0091087,,3625.0,2425.0,6025.0,5575.0,7100.0,8675.0,8939.4,9604.4,8450.0,9425.0,69843.8
Iditarod Historic Trail Alliance,92-0165948,,,,,,,,1100.0,675.0,500.0,400.0,2675.0
Iditarod Trail Sled Dog Race,92-0043991,,600.0,,,,,2475.0,1275.0,725.0,1600.0,1425.0,8100.0
Ilisagvik College,92-0158414,,2025.0,2300.0,3575.0,5175.0,4680.0,7450.0,8525.0,7822.0,6375.0,7900.0,55827.0
Independent Living Center or ILC,92-0137389,,,,,,,575.0,850.0,925.0,,700.0,3050.0
Interior Alaska Cancer Association,68-0505547,,,,,,,,,,,1175.0,1175.0
Interior Alaska Center for Non Violent Living,92-0063639,,2050.0,3425.0,5050.0,7050.0,5350.0,7200.0,9650.0,9772.0,8400.0,8425.0,66372.0
Interior Alaska Land Trust,92-0156596,,,,,,925.0,675.0,2800.0,861.0,1675.0,2475.0,9411.0
Irish Dance Academy of Alaska ,91-1832610,,,,,,,,,,800.0,1000.0,1800.0
JDIA Juneau Douglas Ice Association,31-1625238,,,,,550.0,675.0,900.0,1325.0,1400.0,1275.0,1175.0,7300.0
Jessica Stevens Community Foundation ACF,92-0155067,,1725.0,2325.0,4000.0,4025.0,4675.0,4825.0,6150.0,4922.0,4950.0,4350.0,41947.0
Jewish Congregation of Fairbanks,92-0123281,,,,,,,,,,750.0,450.0,1200.0
John Trigg Ester Library,27-1297959,,,,,,,1250.0,1275.0,1300.0,1075.0,1325.0,6225.0
Juneau Alliance for Mental Health Inc,92-0106659,,,,,,,,,1347.0,1075.0,1150.0,3572.0
Juneau Arts and Humanities Council,23-7243859,,,,,,,,,1972.0,1975.0,4125.0,8072.0
Juneau Audubon Society ,92-0100446,,,,,,1225.0,1125.0,775.0,900.0,1050.0,675.0,5750.0
Juneau Community Foundation,52-2395867,,475.0,1175.0,1300.0,2175.0,,,,1900.0,2200.0,,9225.0
Juneau Coop Preschool Inc,92-0151602,,,,625.0,2550.0,1900.0,1750.0,2700.0,3625.0,2475.0,2150.0,17775.0
Juneau Dance Theatre,92-0066478,,,,,,,,,,100.0,25.0,125.0
Juneau Family Health and Birth Center,92-0160698,,1100.0,550.0,2100.0,2200.0,2280.0,1525.0,1850.0,,1100.0,550.0,13255.0
Juneau Raptor Center,92-0135485,,675.0,2600.0,3650.0,2525.0,3175.0,3050.0,4325.0,3800.0,2375.0,3750.0,29925.0
Juneau Ski Club,92-6001576,,,,,,,,,1075.0,1050.0,850.0,2975.0
Juneau Symphony,92-0080948,,875.0,1350.0,2075.0,2303.0,,1275.0,3300.0,2375.0,1475.0,1250.0,16278.0
Juneau Youth Sailing,92-0161479,,,875.0,900.0,1075.0,1150.0,1850.0,1250.0,1250.0,775.0,1025.0,10150.0
Juneau Youth Services Inc,92-0038549,,175.0,,,,,,1025.0,825.0,750.0,1025.0,3800.0
Juneau Youth Wrestling Club,92-0170460,,,,,,,700.0,1300.0,500.0,425.0,250.0,3175.0
Junior Achievement of Alaska,92-0045091,,450.0,725.0,1375.0,,650.0,1700.0,2425.0,2875.0,1500.0,,11700.0
Kachemak Bay Family Planning Clinic,92-0106486,,175.0,,,,,,,3025.0,4150.0,4725.0,12075.0
Kachemak Heritage Land Trust Inc,94-3104608,,,,,,,3325.0,,2825.0,2775.0,2975.0,11900.0
Kawerak Inc,92-0047009,,275.0,675.0,750.0,,650.0,,1425.0,2375.0,525.0,1850.0,8525.0
KBBI Public Radio,92-0060366,,325.0,2150.0,2950.0,3353.0,,5775.0,8300.0,11072.0,8400.0,9875.0,52200.0
KBRW Public Radio,92-0049905,,,,775.0,,,,1725.0,1625.0,2050.0,1675.0,7850.0
KCHU,92-0088295,,300.0,1225.0,800.0,1900.0,2750.0,2925.0,2600.0,3300.0,3175.0,2675.0,21650.0
KDLL 919 FM,92-0100717,,925.0,1600.0,3150.0,4400.0,4700.0,4425.0,5111.0,3950.0,3700.0,4800.0,36761.0
Kenai Peninsula Food Bank,94-3112445,,1975.0,10025.0,9900.0,13375.0,15425.0,19928.6,27775.0,16772.0,14075.0,14775.0,144025.6
Kenai Peninsula Foundation ACF,92-0155067,,25.0,200.0,50.0,678.0,400.0,1100.0,925.0,875.0,475.0,275.0,5003.0
Kenai Performers Inc,23-7268659,,,,,1000.0,800.0,,,,675.0,1050.0,3525.0
Kenai River Foundation,27-1570362,,,,,,,,,300.0,175.0,75.0,550.0
Kenai River Sportfishing Association,92-0142688,,175.0,225.0,1100.0,,898.0,3250.0,2150.0,1900.0,1675.0,2000.0,13373.0
Kenai Watershed Forum,91-1829284,,1025.0,1850.0,2725.0,4028.0,7950.0,8525.0,8425.0,5350.0,4450.0,4300.0,48628.0
Ketchikan Area Arts and Humanities Council,23-7058116,,750.0,1500.0,,,,,,,2250.0,3025.0,7525.0
Ketchikan Community Concert Band Inc,20-5230890,,,,,,,,,450.0,450.0,775.0,1675.0
Ketchikan Community Foundation ACF,92-0155067,,,,,,,1250.0,3200.0,825.0,1450.0,1400.0,8125.0
Ketchikan Humane Society,92-0175795,,,,,,3625.0,3075.0,3900.0,5297.0,3100.0,3775.0,22772.0
Ketchikan Pioneers Home Foundation,92-0150461,,,,,,650.0,2525.0,975.0,825.0,725.0,750.0,6450.0
Ketchikan Volunteer Rescue Squad,92-0107794,,,,,,,,,1575.0,1175.0,1450.0,4200.0
Ketchikan Youth Initiatives,20-2549904,,175.0,150.0,800.0,,475.0,575.0,825.0,525.0,400.0,,3925.0
KFSK Community Radio,92-0064145,,,425.0,950.0,950.0,700.0,1500.0,2975.0,3575.0,3150.0,2875.0,17100.0
KHNS FM,92-0068956,,300.0,700.0,1075.0,1075.0,1825.0,2600.0,2975.0,3175.0,3900.0,2925.0,20550.0
Kids Corps Inc,94-3042122,,,,,,2050.0,3125.0,3050.0,2650.0,2900.0,3775.0,17550.0
Kids Kupboard,81-0989262,,,,,,,,,,,,
Kitty and K9 Connection A New Leash on Life,81-0609673,,7625.0,4725.0,23075.0,11625.0,9906.8,10725.0,13800.0,12197.0,10900.0,11100.0,115678.8
KMXT,23-7422357,,375.0,900.0,1850.0,3028.0,3250.0,3800.0,,4969.0,2650.0,2375.0,23197.0
KNBA FM and Koahnic Broadcast Corporation,92-0139738,,4000.0,4925.0,8600.0,14575.0,17575.0,18350.0,20625.0,18647.0,19025.0,15925.0,142247.0
Kobuk 440 Racing Association INC,46-1672915,,,,,,,,,,,,
Kodiak Arts Council,92-6003460,,,600.0,2125.0,2478.0,2125.0,3675.0,3322.0,3022.0,3025.0,2725.0,23097.0
Kodiak Community Foundation ACF,92-0155067,,,,,,,650.0,1950.0,700.0,675.0,1075.0,5050.0
Kodiak Historical Society,92-6002560,,275.0,750.0,1225.0,2225.0,,,,800.0,850.0,1300.0,7425.0
Kodiak Island Food Bank,92-0071967,,,,,,,,,2025.0,1550.0,1475.0,5050.0
Kodiak Maritime Museum,92-0165430,,950.0,1125.0,2175.0,2628.0,2625.0,3275.0,2950.0,2450.0,2075.0,2175.0,22428.0
Kodiak Public Library Association,30-0498471,,,2125.0,,7334.0,5400.0,3850.0,8150.0,2625.0,2200.0,2175.0,33859.0
Kodiak Womens Resource and Crisis Center,92-0070130,,575.0,1975.0,3175.0,,3175.0,,4900.0,3725.0,2350.0,2375.0,22250.0
Koniag Education Foundation,92-0145017,,275.0,,,,1100.0,1825.0,875.0,1475.0,1225.0,925.0,7700.0
Kootznahoo Fortress Of The Bear,41-2064376,,,,,,,,800.0,725.0,700.0,975.0,3200.0
Kotzebue Broadcasting Inc,92-0041960,,,,,,,2200.0,1775.0,1650.0,900.0,,6525.0
Krazy Kats Cat Rescue Inc,47-2811363,,,,,,,,,,,1750.0,1750.0
KRBD,23-7444805,,,800.0,1225.0,2650.0,1050.0,,2675.0,1950.0,2425.0,4015.63,16790.63
KSTK fm,92-0058702,,725.0,300.0,575.0,675.0,600.0,750.0,775.0,450.0,675.0,775.0,6300.0
KTNA Talkeetna ,94-3099330,,350.0,1450.0,4200.0,2878.0,3280.0,4217.0,5350.0,4672.0,3625.0,3375.0,33397.0
KTOO KRNN KXLL 360 North CoastAlaska ,92-0058054,,1425.0,1975.0,5600.0,6703.0,9000.0,8225.0,12125.0,11151.4,9500.0,8875.0,74579.4
KUAC Friends Group,47-4121401,,,,,,,,,,,,
Kuimarvik YK Delta Lifesavers  ,46-4105396,,,,,,,,,,1225.0,2225.0,3450.0
Kuskokwim Educational Foundation,92-0081529,,,,,,325.0,425.0,1500.0,775.0,700.0,550.0,4275.0
KYUK,92-0039676,,,,,2850.0,3850.0,7850.0,8594.96,6675.0,5475.0,4825.0,40119.96
Let Every Woman Know Alaska ,46-1861913,,,,,,,,,,600.0,2000.0,2600.0
Life Alaska Donor Services,92-0140815,,1275.0,775.0,1625.0,1206.0,,,,1500.0,1475.0,625.0,8481.0
Literacy Council of Alaska Inc,92-6010100,,1550.0,2675.0,,4175.0,,,,4550.0,2625.0,2900.0,18475.0
Little Flower Ministries KQHE ,27-1083641,,,,,,,,,1325.0,1875.0,1000.0,4200.0
Love Alaska Priceless Chosen ,72-1525990,,,,,,,,,,7950.0,5800.0,13750.0
Love In Action,20-2913418,,,1525.0,1475.0,,675.0,1500.0,,1425.0,1075.0,1150.0,8825.0
Love in the Name of Christ of Eagle River,20-3410636,,,,,1400.0,1850.0,1975.0,2975.0,1475.0,1375.0,2125.0,13175.0
Love INC Juneau,20-1397053,,,1850.0,2600.0,3175.0,4725.0,5050.0,7600.0,5408.0,2900.0,,33308.0
Love INC of the Kenai Peninsula,92-0123380,,1000.0,500.0,2350.0,,3000.0,3875.0,4800.0,3825.0,4275.0,4425.0,28050.0
Love INC Tanana Valley,94-3047380,,,4675.0,4750.0,5078.0,5100.0,6225.0,8550.0,5125.0,5625.0,3425.0,48553.0
Loving Companions Animal Rescue Inc,72-1578941,,6175.0,3775.0,4375.0,6501.0,8600.0,10050.0,11425.0,,3950.0,3350.0,58201.0
Lumen Christi High School,92-0122543,,,,,,,,,1825.0,2175.0,2275.0,6275.0
Lutheran Social Services of Alaska,94-3055592,,5300.0,7325.0,14425.0,15784.0,20230.0,18025.0,21050.0,16436.0,14600.0,11875.0,145050.0
Lynn Canal Conservation,92-0131164,,,,1000.0,,,850.0,575.0,600.0,,,3025.0
Mabel T Caverly Senior Center and Services,92-0057689,,325.0,725.0,950.0,1550.0,1425.0,1400.0,1400.0,1375.0,1800.0,1100.0,12050.0
Make A Wish Alaska and Washington,91-1329433,,,5250.0,7900.0,,11825.0,19701.8,19300.0,10875.0,7125.0,7275.0,89251.8
Mat Su Concert Band Inc,61-1601701,,,,,,,,775.0,625.0,725.0,1425.0,3550.0
Mat Su Schools Foundation,26-1572282,,,325.0,525.0,1200.0,,550.0,850.0,,300.0,450.0,4200.0
Mat Su Senior Services,92-0078503,,675.0,2050.0,4500.0,4800.0,5350.0,4775.0,6150.0,6025.0,4075.0,2700.0,41100.0
Mat Su Services for Children and Adults MSSCA,92-0107450,,,1450.0,2200.0,2052.0,3575.0,3575.0,3625.0,2772.0,,,19249.0
Mat Su Ski Club,26-1217414,,,,,,,2700.0,2700.0,3025.0,2600.0,3750.0,14775.0
Mat Su Trails Council Inc,92-0136165,,,,,650.0,825.0,875.0,1150.0,1200.0,1250.0,1050.0,7000.0
Matanuska Valley Sportsmen Inc,92-0097677,,50.0,225.0,575.0,575.0,375.0,925.0,1200.0,700.0,750.0,1100.0,6475.0
MATSAR Search and Rescue,20-0475618,,,,,,,,,1325.0,1450.0,1200.0,3975.0
MatSu Food Bank aka Food Pantry of Wasilla Food4Kids,92-0150918,,,5850.0,3875.0,10851.0,12730.0,16225.0,19050.0,15517.0,11425.0,12035.0,107558.0
Medallion Foundation Inc,03-0400265,,,,,,,1000.0,,500.0,675.0,550.0,2725.0
Midnight Sun Council Boy Scouts of America,92-0027314,,950.0,750.0,2425.0,1625.0,2650.0,4000.0,,3125.0,2575.0,750.0,18850.0
Missionary Aviation Repair Center,92-0032812,,,,,3903.0,1975.0,3125.0,4200.0,2700.0,2375.0,2250.0,20528.0
Mitkof Dance Troupe ,92-0175176,,,,,,,,,,1050.0,1000.0,2050.0
Mojos Hope,30-0764346,,,,,,,,,3675.0,2625.0,2025.0,8325.0
Momentum Dance Collective,26-3369467,,,,,,,,,,,,
Mt Edgecumbe Preschool Inc,92-0059190,,350.0,900.0,1075.0,2025.0,2400.0,2975.0,1850.0,875.0,1125.0,1175.0,14750.0
Muscular Dystrophy Association,13-1665552,,,,,,,,1700.0,1147.0,975.0,1000.0,4822.0
Museum of the Aleutians As,92-0162384,,,300.0,,,,,,,,425.0,725.0
Museums Alaska Incorporated,92-0097153,,,,,,,,,,,,
Music Machine ,92-0109661,,225.0,,,1828.0,1350.0,2550.0,2850.0,1850.0,2250.0,2025.0,14928.0
Musk Ox Farm,92-0104683,,,,,,,,,,825.0,1325.0,2150.0
MYHouse,45-3954205,,,,,,,,18355.0,15944.0,11675.0,11300.0,57274.0
NAMI Alaska,92-0111673,,1150.0,1100.0,2625.0,,1825.0,1150.0,1275.0,1050.0,1150.0,1025.0,12350.0
NAMI Anchorage,92-0136891,,,,,,2150.0,3275.0,4225.0,3725.0,2675.0,2225.0,18275.0
NAMI Fairbanks,92-0109272,,,,1725.0,1375.0,,1275.0,3050.0,1900.0,1700.0,1575.0,12600.0
NAMI Juneau,31-1765419,,,,,,,,,1625.0,1200.0,1325.0,4150.0
NeighborWorks Alaska,92-0082642,,,,,1200.0,1000.0,2125.0,2375.0,2425.0,1350.0,975.0,11450.0
Nenana Public Library,20-1905431,,,,,625.0,1400.0,650.0,,450.0,,675.0,3800.0
New Hope Compassionate Ministries,71-0903105,,,2450.0,,,2500.0,1225.0,,1954.4,3400.0,1600.0,13129.4
Nikiski Senior Citizens Inc,94-3141712,,,,,,,,825.0,325.0,,575.0,1725.0
Nine Star Education Employment Services,92-0069154,,450.0,575.0,875.0,625.0,,1625.0,1700.0,1650.0,575.0,675.0,8750.0
Ninilchik Community Library,92-0104214,,500.0,950.0,825.0,1175.0,1250.0,1000.0,1200.0,1300.0,1250.0,1175.0,10625.0
Ninilchik Emergency Services,92-0101230,,,,,,,,,1650.0,1525.0,1025.0,4200.0
Nome Community Center Inc,92-0039475,,1675.0,,,,,,2025.0,1975.0,2150.0,1325.0,9150.0
Nome Emergency Shelter Team NEST,27-3970829,,,,,,,,,1375.0,1650.0,2225.0,5250.0
Nome Preschool Association Inc,92-0039573,,275.0,675.0,1975.0,,,,1300.0,925.0,550.0,550.0,6250.0
Nordic Skiing Association of Anchorage,23-7232617,,,,,,,,,5122.0,8050.0,7625.0,20797.0
North Star Ballet,92-0078890,,,,,,,,,1850.0,2200.0,2250.0,6300.0
North Star Community Foundation,87-0761624,,,,,,,,625.0,900.0,700.0,725.0,2950.0
North Star Youth Court,91-1823580,,775.0,1175.0,2100.0,2003.0,2125.0,2325.0,,725.0,525.0,775.0,12528.0
Northern Alaska Environmental Center,23-7438038,,,,,,,,,3397.0,3475.0,2225.0,9097.0
Northern Susitna Institute,20-4297821,,,,,1325.0,2275.0,2350.0,1575.0,900.0,1025.0,850.0,10300.0
Nugens Ranch,92-0065231,,1175.0,800.0,2625.0,1675.0,2625.0,3200.0,2800.0,2725.0,2600.0,1125.0,21350.0
Ocean View PTA,92-0102954,,,,,,,2375.0,1350.0,900.0,475.0,900.0,6000.0
Off the Chain BIcycle Education Corporation,26-4809965,,,,,,,3225.0,2375.0,2175.0,1800.0,2050.0,11625.0
Opera Fairbanks,20-3975320,,400.0,,1100.0,1725.0,1800.0,1775.0,1800.0,1269.0,1150.0,725.0,11744.0
Orpheus Project Opera to Go,92-0166540,,,275.0,150.0,,425.0,500.0,775.0,,375.0,525.0,3025.0
Out North,92-0113286,,1650.0,3975.0,10400.0,7184.0,4950.0,2200.0,,922.0,,,31281.0
Pacific Northern Academy,92-0145501,,25.0,,,,800.0,,2450.0,925.0,800.0,300.0,5300.0
Palmer Arts Council,13-4316744,,,,,925.0,1625.0,1475.0,1150.0,1250.0,550.0,,6975.0
Palmer Community Foundation ACF,92-0155067,,,,,,,,,,,,
Palmer Little League,92-0121417,,,,,,,,,,,,
Parachutes Teen Club and Resource Center,56-2563768,,,3475.0,4300.0,5353.0,7763.0,8200.0,8825.0,6200.0,4975.0,5275.0,54366.0
Partners for Progress,92-0162532,,,,,,,,,,,275.0,275.0
Partners for Progress in Delta Inc,26-2495109,,,,,,,,,,,,
Peace Officer and Firefighter Survivors Fund,92-6001185,,,,,,,,,,,,
Peninsula Spay Neuter Fund,92-0151271,,,,,,,,,2575.0,1525.0,2050.0,6150.0
Perseverance Theatre,92-0071124,,1525.0,2300.0,5075.0,5775.0,6475.0,5675.0,9175.0,8350.0,6225.0,7175.0,57750.0
Pet Pride of Alaska Inc,92-0094506,,,,,,,,,,2550.0,3100.0,5650.0
Petersburg Community Foundation ACF,92-0155067,,2100.0,1775.0,2550.0,4081.0,4100.0,3825.0,4975.0,4350.0,3925.0,3900.0,35581.0
Petersburg Humane Association Inc,92-0166958,,,,,,775.0,2075.0,2900.0,2350.0,1475.0,1475.0,11050.0
Petersburg Mental Health Services Inc,92-0151413,,,650.0,600.0,950.0,575.0,775.0,1125.0,800.0,600.0,700.0,6775.0
PFLAG Juneau ,91-1812227,,,,,,,,,775.0,775.0,575.0,2125.0
PIC,92-0100494,,,,,,1025.0,1250.0,,2825.0,1550.0,2350.0,9000.0
Pier One Theatre,23-7448364,,650.0,550.0,1175.0,1550.0,1050.0,1650.0,1375.0,1550.0,,1275.0,10825.0
PillowsforKidsFoundation,27-1304438,,,,,,875.0,1751.8,975.0,925.0,550.0,800.0,5876.8
Planned Parenthood of the Great Northwest and the Hawaiian Islands,91-0686012,,16725.0,16675.0,35700.0,51640.0,53500.0,57275.0,62500.0,79363.0,122025.0,80629.5,576032.5
Polar Pug Rescue and Friends,20-5873869,,,,,,4750.0,6575.0,9550.0,7150.0,5825.0,5900.0,39750.0
Polaris House,30-0090258,,1175.0,1375.0,,,,,,225.0,450.0,150.0,3375.0
Pratt Museum,92-6002856,,625.0,1450.0,2625.0,2803.0,2125.0,3450.0,3025.0,2197.0,2050.0,1925.0,22275.0
Pride Foundation,91-1325007,,,,,,,,2350.0,2025.0,1575.0,,5950.0
Prince William Sound Science Center,92-0129853,,,,,1225.0,2550.0,2500.0,3600.0,3500.0,2050.0,1950.0,17375.0
Project GRAD Kenai Peninsula,30-0212786,,150.0,275.0,725.0,,,,275.0,450.0,,,1875.0
Providence Alaska Foundation,92-0093565,,1250.0,2450.0,3400.0,7137.0,5225.0,6750.0,8175.0,6969.0,4850.0,6125.0,52331.0
Radio Free Palmer aka Big Cabbage Radio,42-1668214,,,1025.0,1375.0,2575.0,6550.0,4950.0,4725.0,4900.0,5450.0,4800.0,36350.0
Raven Landing,20-1253962,,,,,,1550.0,1775.0,1950.0,872.0,900.0,125.0,7172.0
Raven Radio KCAW CoastAlaska,92-0073406,,,1825.0,2875.0,3800.0,3725.0,4850.0,7250.0,5675.0,5050.0,5325.0,40375.0
Real About Addiction ,32-0487035,,,,,,,,,,,,
Renewable Energy Alaska Project,26-0484527,,,,,4731.0,6300.0,6025.0,6200.0,6350.0,6125.0,5100.0,40831.0
RenewU Ministries,81-0762804,,,,,,,,,,,,
Resurrection Bay Conservation Alliance,92-0167038,,,,550.0,,,1200.0,1175.0,825.0,800.0,675.0,5225.0
Rilke Schule Verein,26-0686706,,,,,,1925.0,3650.0,3700.0,1350.0,1100.0,1650.0,13375.0
Rogers Park PTA,94-3194132,,,,,,,,,,,,
RurAL CAP,92-0033876,,950.0,1275.0,9175.0,3425.0,3550.0,3175.0,3800.0,2697.0,1900.0,1225.0,31172.0
Rural Deltana Volunter Fire Department Inc,92-0158017,,,,,,,,,,,,
Russian Orthodox Sacred Sites in Alaska Inc,71-0879791,,,,,,,,,1675.0,1933.0,1625.0,5233.0
Safe and Fear Free Environment,92-0088380,,500.0,750.0,1975.0,2000.0,,1725.0,3100.0,2872.0,2675.0,2175.0,17772.0
Sealaska Heritage Institute,92-0081844,,400.0,875.0,2225.0,,4550.0,4025.0,3200.0,1700.0,3200.0,3900.0,24075.0
SeaView Community Services,92-0043803,,200.0,950.0,1150.0,1025.0,675.0,,1350.0,500.0,450.0,775.0,7075.0
Seldovia Public Library,33-1152171,,,,,,,,,550.0,600.0,575.0,1725.0
Senior Citizens of Kodiak Inc,23-7348249,,225.0,225.0,1375.0,,1775.0,1875.0,2325.0,3300.0,2025.0,1400.0,14525.0
Set Free Alaska Inc,26-4350361,,,,,,,,,,575.0,1050.0,1625.0
Seward Community Foundation ACF,92-0155067,,1150.0,750.0,4300.0,3300.0,4275.0,5625.0,6575.0,5350.0,3950.0,3950.0,39225.0
Seward He Will Provide Food Pantry,26-0523970,,,,,2000.0,2275.0,3475.0,,3825.0,2150.0,3150.0,16875.0
Seward Senior Center,92-0072425,,25.0,1175.0,2075.0,,,,,800.0,1600.0,1025.0,6700.0
Shiloh Community Development Inc,90-0325278,,,200.0,,,200.0,1175.0,1575.0,1525.0,850.0,900.0,6425.0
Shoot For The Cure,80-0593297,,,,,,,,,,1100.0,700.0,1800.0
Singletrack Advocates,26-1437999,,,,,,,,,5525.0,6600.0,8550.0,20675.0
Sitka Cancer Survivors Society Inc,92-0172665,,,,,,,375.0,1375.0,825.0,,400.0,2975.0
Sitka Historical Society Inc,92-0074478,,550.0,1075.0,1400.0,1525.0,1400.0,800.0,,950.0,775.0,,8475.0
Sitka Local Foods Network,26-4629930,,,,,,,2650.0,3175.0,2800.0,,1175.0,9800.0
Sitka Maritime Heritage Society Inc,92-0169964,,,350.0,1025.0,1578.0,1525.0,1625.0,2175.0,1125.0,,1275.0,10678.0
Sitka Sound Science Center ,26-1253086,,,,,,,,,3250.0,2750.0,3225.0,9225.0
Sitka Summer Music Festival Inc,92-0075160,,1925.0,1700.0,2900.0,1950.0,,3300.0,4050.0,2725.0,2725.0,2425.0,23700.0
Sitka Trail Works Inc,91-1815739,,,,2425.0,,2925.0,,,,2725.0,3250.0,11325.0
Sitkans Against Family Violence,92-0077632,,1825.0,,,,,,4150.0,3750.0,4275.0,4950.0,18950.0
Sled Dog Sanctuary,27-1306868,,,,,,,,,2200.0,1900.0,,4100.0
Sobermiut Inc,20-2713587,,,,,,,,,,150.0,175.0,325.0
Soldotna Library Friends,30-0347148,,,,,,1050.0,1000.0,1700.0,1275.0,1025.0,875.0,6925.0
SOS Pets ,92-0174492,,,,,,2625.0,2875.0,3725.0,3175.0,3375.0,4200.0,19975.0
South Peninsula Hospital Foundation Inc,83-0354063,,,,,,,,,,150.0,,150.0
Southeast Alaska Conservation Council,92-0062992,,,2375.0,,4653.0,4775.0,4250.0,6400.0,3175.0,3750.0,3875.0,33253.0
Southeast Alaska Foodbank,92-0165056,,,,,,,,,,3050.0,3150.0,6200.0
Southeast Alaska Independent Living SAIL,92-0144370,,1400.0,2350.0,4625.0,6153.0,7675.0,10375.0,11925.0,10800.0,9450.0,12750.0,77503.0
Southeast Alaska Land Trust,92-0156402,,,,,,,,,1325.0,750.0,950.0,3025.0
Southeast Alaska Organization for Animals,46-1580461,,,,,,,,,,2950.0,,2950.0
Southeast Alaska State Fair,23-7078520,,,,,,,,,,400.0,275.0,675.0
Special Olympics Alaska Inc,92-0057197,,4975.0,5850.0,10000.0,12800.0,12925.0,18725.0,19625.0,18269.0,14600.0,15975.0,133744.0
Spirit of Youth,92-0168893,,1025.0,625.0,1900.0,1325.0,1800.0,2325.0,2975.0,2150.0,1225.0,1375.0,16725.0
SPROUT,92-0117855,,100.0,500.0,1025.0,1575.0,,1600.0,2475.0,3722.0,3300.0,4075.0,18372.0
St Frances Animal Rescue,26-4080500,,,,,,,,,872.0,,,872.0
St Marys Catholic School,92-0063618,,,,,,,,,,,1425.0,1425.0
Standing Together Against Rape STAR,92-0071466,,5075.0,5025.0,8750.0,11284.0,14630.0,16975.0,14961.0,17322.0,13200.0,13027.17,120249.17
Stone Soup Group,92-0149995,,2375.0,5950.0,3800.0,7228.0,7450.0,9850.0,7925.0,10725.0,5355.0,7307.0,67965.0
STOP the Overpopulation of Pets ,92-0169560,,,,,2100.0,1475.0,1900.0,1450.0,800.0,1000.0,675.0,9400.0
Straw For Dogs ,38-3847207,,,,,,,,,8375.0,6975.0,8600.0,23950.0
STRIDE Southcentral Therapeutic Riding,92-0153292,,,,,1401.0,1550.0,1275.0,,825.0,,475.0,5526.0
Sunshine Community Health Center,92-0117838,,50.0,1925.0,2250.0,2425.0,1150.0,,,,425.0,450.0,8675.0
Susitna River Coalition,32-0352363,,,,,,,,,,1725.0,1825.0,3550.0
Takshanuk Watershed Council,33-1069246,,650.0,1225.0,1400.0,1350.0,,,,,550.0,,5175.0
Talkeetna Historical Society,92-0109160,,,,,,,1325.0,1750.0,525.0,,825.0,4425.0
Tanana Valley Sportsmens Foundation Inc,26-1832485,,,,1400.0,1325.0,1575.0,1450.0,2500.0,1850.0,1550.0,2050.0,13700.0
Tanana Valley Watershed Association,52-2155793,,,,425.0,,,,,,225.0,275.0,925.0
TBA Theatre Inc,77-0607918,,1975.0,3175.0,4425.0,5425.0,5300.0,5525.0,7800.0,,4200.0,3125.0,40950.0
The Alaska Bird Club,92-0134866,,,,,,1125.0,775.0,1175.0,975.0,575.0,825.0,5450.0
The Alaska Center for the Book,92-0148627,,,475.0,750.0,800.0,550.0,825.0,825.0,975.0,425.0,625.0,6250.0
The Alaska Community Foundation,92-0155067,,800.0,900.0,2550.0,3475.0,1875.0,4750.0,5850.0,6297.0,3850.0,2750.0,33097.0
The Arc of Anchorage,92-0028571,,1300.0,,3575.0,4925.0,7825.0,9150.0,7725.0,7175.0,,3525.0,45200.0
The Basics,90-0864058,,,,,,,,,775.0,625.0,550.0,1950.0
The Canvas at REACH ,92-0070127,,475.0,800.0,1450.0,1275.0,1775.0,2300.0,4650.0,3475.0,1750.0,1975.0,19925.0
The Childrens Place,91-1817911,,650.0,2525.0,3850.0,5650.0,6025.0,,5700.0,3650.0,4025.0,1975.0,34050.0
The Chugiak Eagle River Food Pantry,94-3062159,,,,,,,,,2372.0,1525.0,2800.0,6697.0
The Cordova Family Resource Center,92-0146388,,50.0,,,,1325.0,975.0,2425.0,2500.0,1550.0,2075.0,10900.0
The Door,90-0434664,,,,,,,,,3650.0,2975.0,3375.0,10000.0
The Folk School,45-2974643,,,,,,,,,1725.0,2025.0,2000.0,5750.0
The Foraker Group,92-0177787,,1125.0,750.0,1800.0,2925.0,2725.0,3750.0,3300.0,2819.0,2000.0,1950.0,23144.0
The Foundation for End of Life Care,91-1826411,,300.0,,,,775.0,2550.0,2800.0,1250.0,2975.0,750.0,11400.0
The Glory Hole Juneau Cooperative Christian Ministry ,92-0085663,,,9250.0,13250.0,16200.0,6500.0,4675.0,,,9175.0,9425.0,68475.0
The Last Frontier Honor Flight Inc,46-2295581,,,,,,,,,,1375.0,1275.0,2650.0
The LeeShore Center,92-0069306,,575.0,1275.0,1325.0,3000.0,2975.0,4200.0,4675.0,4422.0,3125.0,3300.0,28872.0
The Magic Yarn Project ,81-0828812,,,,,,,,,,,,
The Nature Conservancy,53-0242652,,,,,,4300.0,5050.0,5500.0,3919.0,5100.0,4725.0,28594.0
The New JACC,46-4451460,,,,,,,,,,,,
The TEARS Foundation,45-0500497,,,,,,,,,,625.0,950.0,1575.0
The Web,92-0164825,,,,,,,375.0,475.0,400.0,425.0,500.0,2175.0
thread,92-0113419,,775.0,1000.0,2625.0,2175.0,2800.0,4675.0,5975.0,5700.0,4200.0,3475.0,33400.0
Threshold Services Inc,92-0102916,,,,,,,,,,475.0,275.0,750.0
Thrivalaska,92-0047999,,,,,,,,1825.0,1894.0,1150.0,1250.0,6119.0
Togiak Public Library,20-3662739,,,25.0,325.0,1025.0,1200.0,925.0,925.0,1250.0,1550.0,1350.0,8575.0
Tok Community Library,23-7209521,,,650.0,,,500.0,775.0,975.0,1300.0,1000.0,1241.89,6441.89
Trail Mix Inc,92-0145301,,,,,,,,,5150.0,3325.0,4550.0,13025.0
Tri Valley Community Library,92-0086251,,,400.0,1100.0,1300.0,1925.0,825.0,1100.0,925.0,1175.0,1100.0,9850.0
Trustees for Alaska,92-6010379,,,,,,,2400.0,,,4025.0,4225.0,10650.0
Tsalteshi Trail Associations Inc,92-0149707,,,,,,875.0,3300.0,4550.0,4100.0,3850.0,5125.0,21800.0
Tundra Womens Coalition,92-0068684,,1700.0,10075.0,10200.0,15328.0,13700.0,14627.4,16050.0,13947.0,12150.0,14000.0,121777.4
Tyonek Tribal Conservation District,27-0671847,,,,,,,,,,1100.0,1350.0,2450.0
Unalaska Community Broadcasting,92-0100876,,100.0,450.0,725.0,,500.0,700.0,1700.0,1175.0,1525.0,950.0,7825.0
United Way of Anchorage,92-0027948,,5050.0,8900.0,12575.0,14384.0,13475.0,17625.0,16200.0,9947.0,8550.0,9625.0,116331.0
United Way of Mat Su,92-0126154,,600.0,2425.0,4950.0,2450.0,3355.0,2925.0,2525.0,1950.0,1475.0,1350.0,24005.0
United Way of Southeast Alaska,92-0103202,,4375.0,4825.0,5925.0,6528.0,6700.0,8025.0,7275.0,4325.0,2825.0,3125.0,53928.0
United Way of the Tanana Valley,92-6003642,,,2600.0,4000.0,4950.0,5975.0,6225.0,5450.0,4000.0,4600.0,2225.0,40025.0
University of Alaska,23-7394620,,1675.0,1075.0,2700.0,2306.0,3425.0,8850.0,8900.0,3900.0,3775.0,2350.0,38956.0
University of Alaska Anchorage,23-7394620,,3250.0,5400.0,8800.0,8944.0,9830.0,21875.0,9525.0,4622.0,4900.0,3900.0,81046.0
University of Alaska Anchorage Kenai Peninsula College,23-7394620,,100.0,175.0,700.0,2303.0,2150.0,2075.0,1875.0,2550.0,750.0,650.0,13328.0
University of Alaska Anchorage Kodiak College,23-7394620,,,675.0,300.0,100.0,125.0,100.0,225.0,550.0,950.0,275.0,3300.0
University of Alaska Anchorage Matanuska Susitna College,23-7394620,,75.0,325.0,575.0,275.0,225.0,1725.0,5575.0,2319.0,830.41,125.0,12049.41
University of Alaska Fairbanks,23-7394620,,4250.0,2725.0,3400.0,8278.0,9250.0,31300.0,32775.0,17166.0,7175.0,5575.0,121894.0
University of Alaska Fairbanks Bristol Bay Campus,23-7394620,,250.0,200.0,175.0,550.0,450.0,625.0,300.0,275.0,250.0,25.0,3100.0
University of Alaska Fairbanks Community and Technical College,23-7394620,,25.0,450.0,475.0,425.0,275.0,325.0,700.0,750.0,525.0,575.0,4525.0
University of Alaska Fairbanks Kuskokwim Campus,23-7394620,,75.0,225.0,550.0,725.0,475.0,350.0,450.0,475.0,350.0,100.0,3775.0
University of Alaska Southeast,23-7394620,,1100.0,625.0,525.0,625.0,1250.0,3375.0,825.0,900.0,1025.0,725.0,10975.0
University of Alaska Southeast Ketchikan Campus,23-7394620,,,50.0,25.0,125.0,50.0,75.0,100.0,75.0,100.0,25.0,625.0
University of Alaska Southeast Sitka Campus,23-7394620,,100.0,200.0,25.0,153.0,100.0,175.0,25.0,200.0,75.0,100.0,1153.0
USAFV ,92-0097890,,150.0,525.0,900.0,,1150.0,1400.0,1525.0,1650.0,1775.0,2050.0,11125.0
Valdez Museum and Historical Archive,92-0159463,,325.0,525.0,425.0,1375.0,1625.0,1425.0,1375.0,925.0,1325.0,900.0,10225.0
Valley Charities,92-0130785,,,,350.0,550.0,1375.0,1575.0,1550.0,1125.0,500.0,675.0,7700.0
Valley Community for Recycling Solutions,92-0174289,,,,,3325.0,4150.0,4050.0,4800.0,3747.0,3250.0,3175.0,26497.0
Valley Mountain Bikers and Hikers,20-4851728,,,,,1775.0,2100.0,2625.0,3125.0,2647.0,2225.0,2875.0,17372.0
Valley Performing Arts,92-0058477,,,,,,,,,3225.0,3275.0,2425.0,8925.0
Valley Residential Services,31-1645473,,100.0,500.0,725.0,728.0,,525.0,625.0,425.0,525.0,375.0,4528.0
Victims for Justice ,92-0110889,,1100.0,1125.0,2950.0,,2575.0,2625.0,3700.0,2500.0,2650.0,1625.0,20850.0
Viking Swim Club Inc,92-0077641,,,,,,,,,,,,
Volunteers of America Alaska ,74-2240098,,575.0,1150.0,1725.0,3328.0,2650.0,2675.0,5375.0,,1275.0,2275.0,21028.0
Wasilla Area Seniors Inc,92-0082770,,200.0,1950.0,,1900.0,2225.0,3650.0,3150.0,2797.0,2025.0,2875.0,20772.0
Wasilla Homeless Committee,47-2893704,,,,,,,,,,,,
WAVE,14-2003379,,,,1200.0,,850.0,1075.0,1225.0,1450.0,1875.0,2050.0,9725.0
Wellness Works Inc,45-4763274,,,,,,,,,200.0,325.0,375.0,900.0
Willow Library Association,92-0072004,,,,,,1650.0,1400.0,2300.0,2425.0,1325.0,1475.0,10575.0
Winterberry Parent Guild Inc,20-3900032,,,,,,,,,2075.0,1350.0,1100.0,4525.0
Women In Safe Homes,92-0069501,,975.0,3075.0,3775.0,5300.0,5025.0,4200.0,3975.0,,2375.0,2200.0,30900.0
World Eskimo Indian Olympics,92-0100207,,,2675.0,1900.0,1126.0,,1375.0,1450.0,1525.0,1550.0,1100.0,12701.0
Wrangell Institute for Science and Environment ,92-0175090,,525.0,1200.0,2200.0,2650.0,2225.0,3300.0,4000.0,1775.0,2375.0,2625.0,22875.0
Wrangell Mountains Center,92-0117864,,,1875.0,2775.0,4206.0,3025.0,3125.0,3400.0,3250.0,3025.0,2800.0,27481.0
Young Life Alaska,84-0385934,,1625.0,2200.0,3325.0,3650.0,3450.0,,4125.0,3000.0,2950.0,2650.0,26975.0
Yukon River Drainage Fisheries Association,92-0135445,,,25.0,1150.0,,325.0,525.0,,,125.0,,2150.0
Yukon River Inter Tribal Watershed Council,92-0166976,,300.0,,425.0,,575.0,,,,600.0,,1900.0
Yuut Elitnaurviat Peoples Learning Center Inc,46-0476816,,50.0,,,,875.0,600.0,2275.0,1125.0,675.0,850.0,6450.0
YWCA Alaska,92-0130244,,1200.0,1125.0,2275.0,2800.0,,3775.0,3575.0,2647.0,2425.0,1150.0,20972.0
Alaska Folk Festival Inc,92-0098258,,,,,,,3775.0,,,1600.0,2150.0,7525.0
Alaska Freedom Journey,51-0635829,,,,,,,450.0,1200.0,1300.0,1725.0,1325.0,6000.0
Alaska Geographic ,92-0043154,,,,,2953.0,2575.0,2975.0,3325.0,2150.0,1750.0,1625.0,17353.0
Alaska Health Fair Inc,92-0118421,,800.0,725.0,1525.0,1775.0,1625.0,2000.0,3500.0,2675.0,1875.0,2100.0,18600.0
Alaska Hemophilia Association,94-3143226,,,,,,,,1300.0,2650.0,1375.0,1975.0,7300.0
Alaska Historical Society,92-0009456,,375.0,750.0,1350.0,,825.0,1000.0,1550.0,1800.0,1450.0,1350.0,10450.0
Alaska Humane Society Adopt a Cat,92-0072189,,2925.0,9450.0,13525.0,,19500.0,23650.0,23279.68,16175.0,13125.0,13375.0,135004.68
Alaska Humanities Forum,92-0042123,,700.0,750.0,1250.0,,2000.0,2125.0,1900.0,2350.0,3050.0,2325.0,16450.0
Alaska Huts Association,92-0165283,,1125.0,,2000.0,3253.0,3925.0,5000.0,5175.0,4800.0,4425.0,3100.0,32803.0
Alaska Injury Prevention Center,92-0169574,,,,,,,,,,150.0,525.0,675.0
Alaska Innocence Project,20-8663089,,,1900.0,3700.0,4803.0,6475.0,10175.0,13775.0,13097.0,10850.0,12075.0,76850.0
Alaska Institute for Justice,56-2533062,,,1800.0,2825.0,3450.0,3350.0,4350.0,4175.0,2550.0,4325.0,3275.0,30100.0
Alaska Junior Theater,92-0081984,,300.0,625.0,1025.0,2025.0,,1775.0,3150.0,2700.0,2525.0,1650.0,15775.0
Alaska Kidney Patients Association,26-3251948,,,,,,,1475.0,2200.0,2475.0,1551.13,1425.0,9126.13
Alaska Legal Services Corporation,92-0034754,,1450.0,1575.0,2225.0,3275.0,2850.0,4800.0,6750.0,6950.0,5550.0,5900.0,41325.0
Alaska Literacy Program,23-7451172,,900.0,2600.0,3650.0,4203.0,5525.0,6125.0,7000.0,,5800.0,5225.0,41028.0
Alaska Marine Conservation Council,92-0155875,,,,3975.0,4225.0,3725.0,6275.0,7950.0,5300.0,6975.0,4300.0,42725.0
Alaska Medical Missions CHA,92-0152088,,,,,,,1125.0,1250.0,650.0,925.0,225.0,4175.0
Alaska Mens Run fighting prostate and testicular cancer,92-0158284,,,,,,1575.0,,1875.0,1897.0,1550.0,1625.0,8522.0
Alaska Mining Hall of Fame Foundation,55-0819611,,,,,225.0,500.0,700.0,1150.0,925.0,850.0,675.0,5025.0
Alaska Moravian Church,92-0110419,,,,,,,,,425.0,300.0,700.0,1425.0
Alaska Mountain Rescue Group,92-0084973,,,2175.0,3900.0,5200.0,5400.0,6275.0,8775.0,7825.0,6125.0,5225.0,50900.0
Alaska Moving Image Preservation Association AMIPA,92-0137768,,325.0,250.0,,625.0,525.0,525.0,700.0,800.0,800.0,900.0,5450.0
Alaska MS Center,20-1966870,,1525.0,,2325.0,4450.0,5925.0,6075.0,8025.0,6400.0,4725.0,3875.0,43325.0
Alaska Museum of Science and Nature,92-0138658,,775.0,1000.0,2875.0,,1950.0,2775.0,3400.0,2850.0,,1700.0,17325.0
Alaska Native Heritage Center,92-0127531,,1975.0,2350.0,3450.0,6162.0,5650.0,7800.0,9725.0,9294.0,4525.0,6825.0,57756.0
Alaska Native Justice Center,92-0145727,,1000.0,625.0,725.0,1950.0,1875.0,,,1350.0,1350.0,2600.0,11475.0
Alaska Network on Domestic Violence and Sexual Assault,92-0087216,,3000.0,1900.0,3075.0,3175.0,3416.0,4975.0,6800.0,7775.0,6075.0,5075.0,45266.0
Alaska Pacific University,92-0023588,,700.0,1425.0,1725.0,8662.0,12500.0,13400.0,19575.0,3797.0,1875.0,1525.0,65184.0
Alaska Peace Officers Association,51-0210787,,,,,,,,,1750.0,2000.0,2700.0,6450.0
Alaska Police and Fire Chaplains Ministry,92-0123900,,1350.0,,,,,,2325.0,2300.0,1700.0,2675.0,10350.0
Alaska Public Health Association,92-0087212,,,,,,875.0,700.0,975.0,400.0,500.0,500.0,3950.0
Alaska Public Interest Research Group,92-0047627,,1375.0,575.0,,,,,,,325.0,,2275.0
Alaska Public Media KSKA KAKM ,23-7394629,,20425.0,48125.0,73425.0,94121.0,106425.0,123289.97,127950.0,109298.0,123727.0,106225.0,933010.97
Alaska Rural Veterinary Outreach Inc,45-4779560,,,,,,,,,6622.0,8282.0,8418.0,23322.0
Alaska SeaLife Center,92-0132479,,,,11425.0,11328.0,17300.0,16800.0,23600.0,23066.0,18475.0,22700.0,144694.0
Alaska Search and Rescue Dogs,94-3055594,,,,4600.0,5453.0,6200.0,9025.0,12225.0,7922.0,7075.0,7050.0,59550.0
Alaska Songbird Institute,46-1837510,,,,,,,,,,2175.0,2225.0,4400.0
Alaska SPCA,92-0068910,,,,,,23955.0,32600.0,45150.0,46676.0,42750.0,43400.0,234531.0
Alaska State Troopers Law Enforcement Museum,92-0091086,,,,,,,475.0,1450.0,1425.0,,,3350.0
Alaska String Camps Inc,92-0153914,,,,,450.0,1200.0,,1550.0,1525.0,1650.0,875.0,7250.0
Alaska Theatre of Youth,92-0102436,,950.0,1150.0,2025.0,2675.0,1900.0,2175.0,1800.0,1775.0,1125.0,,15575.0
Alaska Trails,73-1677483,,2900.0,1600.0,4850.0,,,5200.0,6300.0,5344.0,4950.0,7825.0,38969.0
Alaska Veterans Museum,03-0382080,,,,1125.0,2000.0,2480.0,3325.0,5875.0,4275.0,3425.0,3650.0,26155.0
Alaska WildBird Rehabilitation Center,14-1958727,,,,,,4100.0,4925.0,5850.0,6022.0,5025.0,5650.0,31572.0
Alaska Wildlife Alliance,92-0073877,,,2200.0,,2025.0,2975.0,2925.0,2825.0,2797.0,2850.0,1850.0,20447.0
Alaska Wildlife Conservation Center,92-0170600,,,3850.0,6225.0,6853.0,8225.0,9675.0,11525.0,,9650.0,10225.0,66228.0
Alaska Youth and Family Network,31-1751437,,500.0,2475.0,725.0,825.0,550.0,975.0,1250.0,1022.0,1475.0,1214.61,11011.61
Alaska Youth Soccer,94-3082137,,,,,,,,,1400.0,,775.0,2175.0
Alaska Zoo,92-0039344,,4525.0,4850.0,10525.0,15801.0,14750.0,19350.0,33075.0,28979.4,20850.0,20225.0,172930.4
Alaskan AIDS Assistance Association Four As,92-0113788,,3775.0,4275.0,9225.0,9532.0,9230.0,10250.0,9250.0,10025.0,7950.0,8000.0,81512.0
Alaskan Aviation Safety Foundation,92-0068626,,,,,,1575.0,1200.0,1725.0,1672.0,800.0,900.0,7872.0
Alaskans For Life Inc,92-0058941,,,,,1577.0,750.0,825.0,2975.0,1450.0,800.0,1300.0,9677.0
Alaskas Extended Life Animal Sanctuary,92-0178028,,,,,,,3700.0,8525.0,6675.0,3850.0,4250.0,27000.0
Alaskas Healing Hearts,27-4036000,,,,,,,,,,900.0,875.0,1775.0
Aleut Foundation,92-0124517,,975.0,,1775.0,,1500.0,,,1150.0,1175.0,1825.0,8400.0
Alutiiq Museum and Archaeological Repository,92-0150422,,300.0,1425.0,2475.0,3450.0,4750.0,3300.0,3675.0,3000.0,2975.0,2575.0,27925.0
Alyeska Mighty Mites Ski Racing Program Inc,23-7189644,,,,,,1575.0,,1100.0,775.0,2250.0,525.0,6225.0
Alzheimers Resource of Alaska,92-0101736,,10150.0,3375.0,10200.0,16481.0,16825.0,18525.0,24200.0,22272.0,16575.0,16450.0,155053.0
American Diabetes Association Alaska Area,13-1623888,,1950.0,2175.0,6550.0,6728.0,5900.0,6575.0,8475.0,6050.0,4800.0,4125.0,53328.0
American Foundation for Suicide Prevention,13-3393329,,,,,,800.0,2150.0,5225.0,4575.0,2250.0,3225.0,18225.0
American Heart Association,13-5613797,,,,,3186.0,3450.0,3925.0,6125.0,5225.0,4300.0,3125.0,29336.0
American Lung Association in Alaska,13-1632524,,,,,1278.0,2225.0,2150.0,3150.0,1825.0,1500.0,1650.0,13778.0
American Red Cross of Alaska,53-0196605,,16750.0,17075.0,30675.0,33037.0,39230.0,33450.0,36525.0,34170.58,28500.0,27400.0,296812.58
Anchor Lutheran School,92-0073640,,,,,,,,,1425.0,1075.0,600.0,3100.0
Anchor Point Public Library,92-0105087,,,,,1750.0,1225.0,2100.0,2325.0,1875.0,1350.0,1250.0,11875.0
Anchorage Association of Women Lawyers,47-3983302,,,,,,,,,,,,
Anchorage Audubon Society,51-0182677,,,,,,1375.0,1275.0,1375.0,1275.0,1150.0,1400.0,7850.0
Anchorage Civic Orchestra,92-0130213,,,,,,,,,1150.0,825.0,425.0,2400.0
Anchorage Classical Ballet Academy,91-1860409,,25.0,250.0,550.0,,,,,425.0,275.0,125.0,1650.0
Anchorage Coalition to End Homelessness,46-1156688,,,,,,,,,4747.0,3475.0,3775.0,11997.0
Anchorage Community Concert Band,92-0088315,,,375.0,300.0,600.0,1475.0,975.0,2250.0,1725.0,1650.0,1450.0,10800.0
Anchorage Community Theatre,92-0025223,,850.0,1400.0,2525.0,4131.0,4525.0,7050.0,7450.0,5247.0,3750.0,4475.0,41403.0
ANCHORAGE COMMUNITY YMCA,92-0034878,,175.0,650.0,,1350.0,,1625.0,3325.0,2000.0,2025.0,1450.0,12600.0
Anchorage Concert Association,92-6002302,,1500.0,2600.0,3050.0,3350.0,2825.0,5075.0,7975.0,5594.0,4650.0,3800.0,40419.0
Anchorage Concert Chorus,23-7017298,,1675.0,,2775.0,5650.0,,5875.0,,2347.0,3300.0,1625.0,23247.0
Anchorage Curling Foundation,47-1960599,,,,,,,,,,,,
Anchorage Fairs and Festivals,27-3288002,,,,,,,,,,625.0,200.0,825.0
Anchorage Folk Festival ,92-0142926,,325.0,,2000.0,2500.0,3675.0,3300.0,4300.0,4725.0,2425.0,2950.0,26200.0
Anchorage Gospel Rescue Mission,92-6003040,,,,,,,,,6841.0,5500.0,5850.0,18191.0
Anchorage Library Foundation,92-0081583,,850.0,4850.0,7150.0,11053.0,12400.0,18325.0,17900.0,15672.0,12675.0,14800.0,115675.0
Anchorage Montessori School,92-0063628,,1550.0,2225.0,1500.0,1925.0,1375.0,1425.0,1600.0,2225.0,2525.0,2475.0,18825.0
Anchorage Museum,92-6009317,,7225.0,5725.0,4950.0,4275.0,3175.0,4275.0,5900.0,5625.0,5125.0,6000.0,52275.0
Anchorage Neighborhood Health Center Inc,92-0047965,,3500.0,5975.0,7325.0,6600.0,5825.0,6975.0,8561.0,4454.4,3300.0,3100.0,55615.4
Anchorage Opera Company,51-0175124,,,,1125.0,,,2725.0,3925.0,2747.0,2075.0,1825.0,14422.0
Anchorage Park Foundation,41-2205907,,,,,,,5250.0,8564.4,6450.0,7500.0,6100.0,33864.4
Anchorage Project Access CHA,92-0152088,,150.0,475.0,3425.0,4200.0,3750.0,2800.0,3025.0,2350.0,2300.0,1550.0,24025.0
Anchorage School Based Health Centers CHA,92-0152088,,,,,,,775.0,625.0,1275.0,1175.0,1250.0,5100.0
Anchorage Search Team,47-0910719,,,,,600.0,875.0,,,475.0,,,1950.0
Anchorage Senior Activity Center,92-0086821,,550.0,2550.0,1450.0,2225.0,2150.0,2775.0,2875.0,3150.0,2175.0,1675.0,21575.0
Anchorage Ski Club Inc Arctic Valley Ski Area,92-6003384,,,2000.0,3750.0,4100.0,3625.0,5525.0,4925.0,4650.0,4625.0,4550.0,37750.0
Anchorage Symphony Orchestra,92-6002867,,2300.0,,,,,,,2975.0,3725.0,2418.0,11418.0
Anchorage Waterways Council,92-0111510,,,,,,,2325.0,2075.0,2100.0,2150.0,1925.0,10575.0
Anchorage Young Cancer Coalition,46-4294586,,,,,,,,,,1125.0,1375.0,2500.0
Anchorage Youth Court,92-0129615,,1400.0,2650.0,3075.0,3400.0,4475.0,4975.0,,4125.0,2900.0,2775.0,29775.0
APICC,92-0170234,,,,,,,,,,,175.0,175.0
Aquarian Parent Teacher Organization,91-1755186,,,,,,,,2150.0,1925.0,1025.0,625.0,5725.0
Arctic Access,92-0147951,,,,,,425.0,450.0,900.0,475.0,725.0,275.0,3250.0
Arctic Amateur Radio Club,92-0112729,,,,,,,500.0,825.0,475.0,425.0,375.0,2600.0
Arctic Barnabas Ministries,92-0172389,,,,,,,,,1125.0,625.0,525.0,2275.0
Arctic Education Foundation,92-0068447,,,1625.0,,,1400.0,1900.0,2925.0,2925.0,2850.0,,13625.0
Arctic German Shepherd Rescue,46-1931093,,,,,,,,,3025.0,3575.0,3350.0,9950.0
Arctic Orienteering Club Inc,92-0148988,,,,,,,,,,,,
Arctic Resource Center For Suicide Prevention,46-3820391,,,,,,,,,,1525.0,,1525.0
Arctic Slope Community Foundation,27-2247740,,,900.0,1350.0,,2025.0,3050.0,2275.0,1822.0,1750.0,3175.0,16347.0
Assets Inc,92-0076696,,,,725.0,425.0,1450.0,825.0,1850.0,1350.0,1075.0,1425.0,9125.0
Association for the Education of Young Children Southeast Alaska,92-0118896,,,,,1350.0,,1475.0,2000.0,1625.0,1150.0,1200.0,8800.0
Athabascan Fiddlers Association Inc,31-1776563,,,,,,,,,775.0,300.0,525.0,1600.0
Audubon Alaska,13-1624102,,,,,3581.0,3500.0,4000.0,3950.0,3475.0,5000.0,5175.0,28681.0
Aurora Borealis Lions Eyeglass Recycling and Vision Center ,20-8367797,,,,,,350.0,375.0,500.0,,75.0,100.0,1400.0
Awana Alaska,36-2428692,,,,,,2500.0,4850.0,6050.0,4261.0,3100.0,3225.0,23986.0
AWARE ,92-0064944,,3125.0,10575.0,11925.0,17979.0,20850.0,21825.37,30450.0,28091.0,20983.0,22775.0,188578.37
